epoch,train_loss,val_loss,train_loss_delta_%,val_loss_delta_%,train_wer,val_wer,train_wer_delta_%,val_wer_delta_%
1,4.199196,2.245896,,,101.3922,98.6747,,
2,2.061516,1.218678,-50.91,-45.74,93.1376,84.4454,-8.14,-14.42
3,1.396059,0.909233,-32.28,-25.39,79.6524,71.5470,-14.48,-15.27
4,1.129769,0.758896,-19.07,-16.53,69.9540,62.0216,-12.18,-13.31
1,4.187676,2.713609,,,99.9733,100.0000,,
2,2.378979,1.450769,-43.19,-46.54,96.8730,94.2282,-3.10,-5.77
3,1.621211,1.117721,-31.85,-22.96,87.6192,81.9253,-9.55,-13.06
4,1.375420,0.991693,-15.16,-11.28,80.9878,75.6516,-7.57,-7.66
